{"cameraMode":{"drawMode":0,"name":"Shaded","section":"Shading Mode"},"sceneLighting":false,"audioPlay":false,"sceneViewState":{"showFog":true,"showMaterialUpdate":false,"showSkybox":true,"showFlares":true,"showImageEffects":true,"showParticleSystems":true},"in2DMode":false,"pivot":{"x":-0.55999755859375,"y":2.8300018310546877,"z":-1.3949998617172242},"rotation":{"x":-0.16780917346477509,"y":0.05763474851846695,"z":-0.009828041307628155,"w":-0.9840842485427856},"size":233.5447998046875,"orthographic":false}